ticker,name,sector,sub_industry,date_added,snapshot_date
MMM,3M,Industrials,Industrial Conglomerates,1957-03-04,2026-09-18
AOS,A. O. Smith,Industrials,Building Products,2017-07-26,2026-09-18
ABT,Abbott Laboratories,Health Care,Health Care Equipment,1957-03-04,2026-09-18
ABBV,AbbVie,Health Care,Biotechnology,2012-12-31,2026-09-18
ACN,Accenture,Information Technology,IT Consulting & Other Services,2011-07-06,2026-09-18
ADBE,Adobe Inc.,Information Technology,Application Software,1997-05-05,2026-09-18
AMD,Advanced Micro Devices,Information Technology,Semiconductors,2017-03-20,2026-09-18
AES,AES Corporation,Utilities,Independent Power Producers & Energy Traders,1998-10-02,2026-09-18
AFL,Aflac,Financials,Life & Health Insurance,1999-05-28,2026-09-18
A,Agilent Technologies,Health Care,Life Sciences Tools & Services,2000-06-05,2026-09-18
APD,Air Products,Materials,Industrial Gases,1985-04-30,2026-09-18
ABNB,Airbnb,Consumer Discretionary,"Hotels, Resorts & Cruise Lines",2023-09-18,2026-09-18
AKAM,Akamai Technologies,Information Technology,Internet Services & Infrastructure,2007-07-12,2026-09-18
ALB,Albemarle Corporation,Materials,Specialty Chemicals,2016-07-01,2026-09-18
ARE,Alexandria Real Estate Equities,Real Estate,Office REITs,2017-03-20,2026-09-18
ALGN,Align Technology,Health Care,Health Care Supplies,2017-06-19,2026-09-18
ALLE,Allegion,Industrials,Building Products,2013-12-02,2026-09-18
LNT,Alliant Energy,Utilities,Electric Utilities,2016-07-01,2026-09-18
ALL,Allstate,Financials,Property & Casualty Insurance,1995-07-13,2026-09-18
GOOGL,Alphabet Inc. (Class A),Communication Services,Interactive Media & Services,2006-04-03,2026-09-18
GOOG,Alphabet Inc. (Class C),Communication Services,Interactive Media & Services,2014-04-03,2026-09-18
MO,Altria,Consumer Staples,Tobacco,1957-03-04,2026-09-18
AMZN,Amazon,Consumer Discretionary,Broadline Retail,2005-11-18,2026-09-18
AMCR,Amcor,Materials,Paper & Plastic Packaging Products & Materials,2019-06-07,2026-09-18
AEE,Ameren,Utilities,Multi-Utilities,1991-09-19,2026-09-18
AEP,American Electric Power,Utilities,Electric Utilities,1957-03-04,2026-09-18
AXP,American Express,Financials,Consumer Finance,1976-06-30,2026-09-18
AIG,American International Group,Financials,Multi-line Insurance,1980-03-31,2026-09-18
AMT,American Tower,Real Estate,Telecom Tower REITs,2007-11-19,2026-09-18
AWK,American Water Works,Utilities,Water Utilities,2016-03-04,2026-09-18
AMP,Ameriprise Financial,Financials,Asset Management & Custody Banks,2005-10-03,2026-09-18
AME,Ametek,Industrials,Electrical Components & Equipment,2013-09-23,2026-09-18
AMGN,Amgen,Health Care,Biotechnology,1992-01-02,2026-09-18
APH,Amphenol,Information Technology,Electronic Components,2008-09-30,2026-09-18
ADI,Analog Devices,Information Technology,Semiconductors,1999-10-12,2026-09-18
AON,Aon plc,Financials,Insurance Brokers,1996-04-23,2026-09-18
APA,APA Corporation,Energy,Oil & Gas Exploration & Production,1997-07-28,2026-09-18
APO,Apollo Global Management,Financials,Asset Management & Custody Banks,2024-12-23,2026-09-18
AAPL,Apple Inc.,Information Technology,"Technology Hardware, Storage & Peripherals",1982-11-30,2026-09-18
AMAT,Applied Materials,Information Technology,Semiconductor Materials & Equipment,1995-03-16,2026-09-18
APP,AppLovin,Communication Services,Advertising,2025-09-22,2026-09-18
APTV,Aptiv,Consumer Discretionary,Automotive Parts & Equipment,2012-12-24,2026-09-18
ACGL,Arch Capital Group,Financials,Property & Casualty Insurance,2022-11-01,2026-09-18
ADM,Archer Daniels Midland,Consumer Staples,Agricultural Products & Services,1957-03-04,2026-09-18
ARES,Ares Management,Financials,Asset Management & Custody Banks,2025-12-11,2026-09-18
ANET,Arista Networks,Information Technology,Communications Equipment,2018-08-28,2026-09-18
AJG,Arthur J. Gallagher & Co.,Financials,Insurance Brokers,2016-05-31,2026-09-18
AIZ,Assurant,Financials,Multi-line Insurance,2007-04-10,2026-09-18
T,AT&T,Communication Services,Integrated Telecommunication Services,1983-11-30,2026-09-18
ATO,Atmos Energy,Utilities,Gas Utilities,2019-02-15,2026-09-18
ADSK,Autodesk,Information Technology,Application Software,1989-12-01,2026-09-18
ADP,Automatic Data Processing,Industrials,Human Resource & Employment Services,1981-03-31,2026-09-18
AZO,AutoZone,Consumer Discretionary,Automotive Retail,1997-01-02,2026-09-18
AVY,Avery Dennison,Materials,Paper & Plastic Packaging Products & Materials,1987-12-31,2026-09-18
AXON,Axon Enterprise,Industrials,Aerospace & Defense,2023-05-04,2026-09-18
BKR,Baker Hughes,Energy,Oil & Gas Equipment & Services,2017-07-07,2026-09-18
BALL,Ball Corporation,Materials,"Metal, Glass & Plastic Containers",1984-10-31,2026-09-18
BAC,Bank of America,Financials,Diversified Banks,1976-06-30,2026-09-18
BAX,Baxter International,Health Care,Health Care Equipment,1972-09-30,2026-09-18
BDX,Becton Dickinson,Health Care,Health Care Equipment,1972-09-30,2026-09-18
BRK.B,Berkshire Hathaway,Financials,Multi-Sector Holdings,2010-02-16,2026-09-18
BBY,Best Buy,Consumer Discretionary,Computer & Electronics Retail,1999-06-29,2026-09-18
TECH,Bio-Techne,Health Care,Life Sciences Tools & Services,2021-08-30,2026-09-18
BIIB,Biogen,Health Care,Biotechnology,2003-11-13,2026-09-18
BLK,BlackRock,Financials,Asset Management & Custody Banks,2011-04-04,2026-09-18
BX,Blackstone Inc.,Financials,Asset Management & Custody Banks,2023-09-18,2026-09-18
XYZ,"Block, Inc.",Financials,Transaction & Payment Processing Services,2025-07-23,2026-09-18
BNY,BNY Mellon,Financials,Asset Management & Custody Banks,1995-03-31,2026-09-18
BA,Boeing,Industrials,Aerospace & Defense,1957-03-04,2026-09-18
BKNG,Booking Holdings,Consumer Discretionary,"Hotels, Resorts & Cruise Lines",2009-11-06,2026-09-18
BSX,Boston Scientific,Health Care,Health Care Equipment,1995-02-24,2026-09-18
BMY,Bristol Myers Squibb,Health Care,Pharmaceuticals,1957-03-04,2026-09-18
AVGO,Broadcom,Information Technology,Semiconductors,2014-05-08,2026-09-18
BR,Broadridge Financial Solutions,Industrials,Data Processing & Outsourced Services,2018-06-18,2026-09-18
BRO,Brown & Brown,Financials,Insurance Brokers,2021-09-20,2026-09-18
BF.B,Brown–Forman,Consumer Staples,Distillers & Vintners,1982-10-31,2026-09-18
BLDR,Builders FirstSource,Industrials,Building Products,2023-12-18,2026-09-18
BG,Bunge Global,Consumer Staples,Agricultural Products & Services,2023-03-15,2026-09-18
BXP,"BXP, Inc.",Real Estate,Office REITs,2006-04-03,2026-09-18
CHRW,C.H. Robinson,Industrials,Air Freight & Logistics,2007-03-02,2026-09-18
CDNS,Cadence Design Systems,Information Technology,Application Software,2017-09-18,2026-09-18
CPT,Camden Property Trust,Real Estate,Multi-Family Residential REITs,2022-04-04,2026-09-18
COF,Capital One,Financials,Consumer Finance,1998-07-01,2026-09-18
CAH,Cardinal Health,Health Care,Health Care Distributors,1997-05-27,2026-09-18
CCL,Carnival Corporation,Consumer Discretionary,"Hotels, Resorts & Cruise Lines",1998-12-22,2026-09-18
CARR,Carrier Global,Industrials,Building Products,2020-04-03,2026-09-18
CVNA,Carvana,Consumer Discretionary,Automotive Retail,2025-12-22,2026-09-18
CASY,Casey's,Consumer Staples,Food Retail,2026-04-09,2026-09-18
CAT,Caterpillar Inc.,Industrials,Construction Machinery & Heavy Transportation Equipment,1957-03-04,2026-09-18
CBOE,Cboe Global Markets,Financials,Financial Exchanges & Data,2017-03-01,2026-09-18
CBRE,CBRE Group,Real Estate,Real Estate Services,2006-11-10,2026-09-18
CDW,CDW Corporation,Information Technology,Technology Distributors,2019-09-23,2026-09-18
COR,Cencora,Health Care,Health Care Distributors,2001-08-30,2026-09-18
CNC,Centene Corporation,Health Care,Managed Health Care,2016-03-30,2026-09-18
CNP,CenterPoint Energy,Utilities,Multi-Utilities,1985-07-31,2026-09-18
CF,CF Industries,Materials,Fertilizers & Agricultural Chemicals,2008-08-27,2026-09-18
CRL,Charles River Laboratories,Health Care,Life Sciences Tools & Services,2021-05-14,2026-09-18
SCHW,Charles Schwab Corporation,Financials,Investment Banking & Brokerage,1997-06-02,2026-09-18
CHTR,Charter Communications,Communication Services,Cable & Satellite,2016-09-08,2026-09-18
CVX,Chevron Corporation,Energy,Integrated Oil & Gas,1957-03-04,2026-09-18
CMG,Chipotle Mexican Grill,Consumer Discretionary,Restaurants,2011-04-28,2026-09-18
CB,Chubb Limited,Financials,Property & Casualty Insurance,2010-07-15,2026-09-18
CHD,Church & Dwight,Consumer Staples,Household Products,2015-12-29,2026-09-18
CIEN,Ciena,Information Technology,Communications Equipment,2026-02-09,2026-09-18
CI,Cigna,Health Care,Health Care Services,1976-06-30,2026-09-18
CINF,Cincinnati Financial,Financials,Property & Casualty Insurance,1997-12-18,2026-09-18
CTAS,Cintas,Industrials,Diversified Support Services,2001-03-01,2026-09-18
CSCO,Cisco,Information Technology,Communications Equipment,1993-12-01,2026-09-18
C,Citigroup,Financials,Diversified Banks,1988-05-31,2026-09-18
CFG,Citizens Financial Group,Financials,Regional Banks,2016-01-29,2026-09-18
CLX,Clorox,Consumer Staples,Household Products,1969-03-31,2026-09-18
CME,CME Group,Financials,Financial Exchanges & Data,2006-08-11,2026-09-18
CMS,CMS Energy,Utilities,Multi-Utilities,1957-03-04,2026-09-18
KO,Coca-Cola Company (The),Consumer Staples,Soft Drinks & Non-alcoholic Beverages,1957-03-04,2026-09-18
CTSH,Cognizant,Information Technology,IT Consulting & Other Services,2006-11-17,2026-09-18
COHR,Coherent Corp.,Information Technology,Electronic Components,2026-03-23,2026-09-18
COIN,Coinbase,Financials,Financial Exchanges & Data,2025-05-19,2026-09-18
CL,Colgate-Palmolive,Consumer Staples,Household Products,1957-03-04,2026-09-18
CMCSA,Comcast,Communication Services,Cable & Satellite,2002-11-19,2026-09-18
FIX,Comfort Systems USA,Industrials,Construction & Engineering,2025-12-22,2026-09-18
COP,ConocoPhillips,Energy,Oil & Gas Exploration & Production,1957-03-04,2026-09-18
ED,Consolidated Edison,Utilities,Multi-Utilities,1957-03-04,2026-09-18
STZ,Constellation Brands,Consumer Staples,Distillers & Vintners,2005-07-01,2026-09-18
CEG,Constellation Energy,Utilities,Electric Utilities,2022-02-02,2026-09-18
COO,Cooper Companies (The),Health Care,Health Care Supplies,2016-09-23,2026-09-18
CPRT,Copart,Industrials,Diversified Support Services,2018-07-02,2026-09-18
GLW,Corning Inc.,Information Technology,Electronic Components,1995-02-27,2026-09-18
CPAY,Corpay,Financials,Transaction & Payment Processing Services,2018-06-20,2026-09-18
CTVA,Corteva,Materials,Fertilizers & Agricultural Chemicals,2019-06-03,2026-09-18
CSGP,CoStar Group,Real Estate,Real Estate Services,2022-09-19,2026-09-18
COST,Costco,Consumer Staples,Consumer Staples Merchandise Retail,1993-10-01,2026-09-18
CRH,CRH plc,Materials,Construction Materials,2025-12-22,2026-09-18
CRWD,CrowdStrike,Information Technology,Systems Software,2024-06-24,2026-09-18
CCI,Crown Castle,Real Estate,Telecom Tower REITs,2012-03-14,2026-09-18
CSX,CSX Corporation,Industrials,Rail Transportation,1957-03-04,2026-09-18
CMI,Cummins,Industrials,Construction Machinery & Heavy Transportation Equipment,1965-03-31,2026-09-18
CVS,CVS Health,Health Care,Health Care Services,1957-03-04,2026-09-18
DHR,Danaher Corporation,Health Care,Life Sciences Tools & Services,1998-11-18,2026-09-18
DRI,Darden Restaurants,Consumer Discretionary,Restaurants,1995-05-31,2026-09-18
DDOG,Datadog,Information Technology,Application Software,2025-07-09,2026-09-18
DVA,DaVita,Health Care,Health Care Services,2008-07-31,2026-09-18
DECK,Deckers Brands,Consumer Discretionary,Footwear,2024-03-18,2026-09-18
DE,Deere & Company,Industrials,Agricultural & Farm Machinery,1957-03-04,2026-09-18
DELL,Dell Technologies,Information Technology,"Technology Hardware, Storage & Peripherals",2024-09-23,2026-09-18
DAL,Delta Air Lines,Industrials,Passenger Airlines,2013-09-11,2026-09-18
DVN,Devon Energy,Energy,Oil & Gas Exploration & Production,2000-08-30,2026-09-18
DXCM,Dexcom,Health Care,Health Care Equipment,2020-05-12,2026-09-18
FANG,Diamondback Energy,Energy,Oil & Gas Exploration & Production,2018-12-03,2026-09-18
DLR,Digital Realty,Real Estate,Data Center REITs,2016-05-18,2026-09-18
DG,Dollar General,Consumer Staples,Consumer Staples Merchandise Retail,2012-12-03,2026-09-18
DLTR,Dollar Tree,Consumer Staples,Consumer Staples Merchandise Retail,2011-12-19,2026-09-18
D,Dominion Energy,Utilities,Multi-Utilities,2016-11-30,2026-09-18
DPZ,Domino's,Consumer Discretionary,Restaurants,2020-05-12,2026-09-18
DASH,DoorDash,Consumer Discretionary,Specialized Consumer Services,2025-03-24,2026-09-18
DOV,Dover Corporation,Industrials,Industrial Machinery & Supplies & Components,1985-10-31,2026-09-18
DOW,Dow Inc.,Materials,Commodity Chemicals,2019-04-01,2026-09-18
DHI,D. R. Horton,Consumer Discretionary,Homebuilding,2005-06-22,2026-09-18
DTE,DTE Energy,Utilities,Multi-Utilities,1957-03-04,2026-09-18
DUK,Duke Energy,Utilities,Electric Utilities,1976-06-30,2026-09-18
DD,DuPont,Industrials,Industrial Conglomerates,2019-06-03,2026-09-18
ETN,Eaton Corporation,Industrials,Electrical Components & Equipment,1957-03-04,2026-09-18
EBAY,eBay Inc.,Consumer Discretionary,Broadline Retail,2002-07-22,2026-09-18
ECHO,EchoStar,Communication Services,Wireless Telecommunication Services,2026-03-23,2026-09-18
ECL,Ecolab,Materials,Specialty Chemicals,1989-01-31,2026-09-18
EIX,Edison International,Utilities,Electric Utilities,1957-03-04,2026-09-18
EW,Edwards Lifesciences,Health Care,Health Care Equipment,2011-04-01,2026-09-18
ELV,Elevance Health,Health Care,Managed Health Care,2002-07-25,2026-09-18
EME,Emcor,Industrials,Construction & Engineering,2025-09-22,2026-09-18
EMR,Emerson Electric,Industrials,Electrical Components & Equipment,1965-03-31,2026-09-18
ETR,Entergy,Utilities,Electric Utilities,1957-03-04,2026-09-18
EOG,EOG Resources,Energy,Oil & Gas Exploration & Production,2000-11-02,2026-09-18
EQT,EQT Corporation,Energy,Oil & Gas Exploration & Production,2022-10-03,2026-09-18
EFX,Equifax,Industrials,Research & Consulting Services,1997-06-19,2026-09-18
EQIX,Equinix,Real Estate,Data Center REITs,2015-03-20,2026-09-18
ERIE,Erie Indemnity,Financials,Insurance Brokers,2024-09-23,2026-09-18
ESS,Essex Property Trust,Real Estate,Multi-Family Residential REITs,2014-04-02,2026-09-18
EL,Estée Lauder Companies (The),Consumer Staples,Personal Care Products,2006-01-05,2026-09-18
EG,Everest Group,Financials,Reinsurance,2017-06-19,2026-09-18
EVRG,Evergy,Utilities,Electric Utilities,2018-06-05,2026-09-18
ES,Eversource Energy,Utilities,Electric Utilities,2009-07-24,2026-09-18
EXC,Exelon,Utilities,Electric Utilities,1957-03-04,2026-09-18
EXE,Expand Energy,Energy,Oil & Gas Exploration & Production,2025-03-24,2026-09-18
EXPE,Expedia Group,Consumer Discretionary,"Hotels, Resorts & Cruise Lines",2007-10-02,2026-09-18
EXPD,Expeditors International,Industrials,Air Freight & Logistics,2007-10-10,2026-09-18
EXR,Extra Space Storage,Real Estate,Self-Storage REITs,2016-01-19,2026-09-18
XOM,ExxonMobil,Energy,Integrated Oil & Gas,1957-03-04,2026-09-18
FFIV,"F5, Inc.",Information Technology,Communications Equipment,2010-12-20,2026-09-18
FDS,FactSet,Financials,Financial Exchanges & Data,2021-12-20,2026-09-18
FICO,Fair Isaac,Information Technology,Application Software,2023-03-20,2026-09-18
FAST,Fastenal,Industrials,Trading Companies & Distributors,2008-09-15,2026-09-18
FRT,Federal Realty Investment Trust,Real Estate,Retail REITs,2016-02-01,2026-09-18
FDX,FedEx,Industrials,Air Freight & Logistics,1980-12-31,2026-09-18
FDXF,FedEx Freight,Industrials,Cargo Ground Transportation,2026-06-01,2026-09-18
FERG,Ferguson Enterprises,Industrials,Trading Companies & Distributors,2026-08-05,2026-09-18
FIS,Fidelity National Information Services,Financials,Transaction & Payment Processing Services,2006-11-10,2026-09-18
FITB,Fifth Third Bancorp,Financials,Regional Banks,1996-03-29,2026-09-18
FSLR,First Solar,Information Technology,Semiconductors,2022-12-19,2026-09-18
FE,FirstEnergy,Utilities,Electric Utilities,1997-11-28,2026-09-18
FISV,Fiserv,Financials,Transaction & Payment Processing Services,2001-04-02,2026-09-18
FLEX,Flex Ltd.,Information Technology,Electronic Manufacturing Services,2026-06-22,2026-09-18
F,Ford Motor Company,Consumer Discretionary,Automobile Manufacturers,1957-03-04,2026-09-18
FTNT,Fortinet,Information Technology,Systems Software,2018-10-11,2026-09-18
FTV,Fortive,Industrials,Industrial Machinery & Supplies & Components,2016-07-01,2026-09-18
FOXA,Fox Corporation (Class A),Communication Services,Broadcasting,2019-03-19,2026-09-18
FOX,Fox Corporation (Class B),Communication Services,Broadcasting,2019-03-19,2026-09-18
BEN,Franklin Resources,Financials,Asset Management & Custody Banks,1998-04-30,2026-09-18
FCX,Freeport-McMoRan,Materials,Copper,2011-07-01,2026-09-18
GRMN,Garmin,Consumer Discretionary,Consumer Electronics,2012-12-12,2026-09-18
IT,Gartner,Information Technology,IT Consulting & Other Services,2017-04-05,2026-09-18
GE,GE Aerospace,Industrials,Aerospace & Defense,1957-03-04,2026-09-18
GEHC,GE HealthCare,Health Care,Health Care Equipment,2023-01-04,2026-09-18
GEV,GE Vernova,Industrials,Heavy Electrical Equipment,2024-04-02,2026-09-18
GEN,Gen Digital,Information Technology,Systems Software,2003-03-25,2026-09-18
GNRC,Generac,Industrials,Heavy Electrical Equipment,2021-03-22,2026-09-18
GD,General Dynamics,Industrials,Aerospace & Defense,1957-03-04,2026-09-18
GIS,General Mills,Consumer Staples,Packaged Foods & Meats,1957-03-04,2026-09-18
GM,General Motors,Consumer Discretionary,Automobile Manufacturers,2013-06-06,2026-09-18
GPC,Genuine Parts Company,Consumer Discretionary,Distributors,1973-12-31,2026-09-18
GILD,Gilead Sciences,Health Care,Biotechnology,2004-07-01,2026-09-18
GPN,Global Payments,Financials,Transaction & Payment Processing Services,2016-04-25,2026-09-18
GL,Globe Life,Financials,Life & Health Insurance,1989-04-30,2026-09-18
GDDY,GoDaddy,Information Technology,Internet Services & Infrastructure,2024-06-24,2026-09-18
GS,Goldman Sachs,Financials,Investment Banking & Brokerage,2002-07-22,2026-09-18
HAL,Halliburton,Energy,Oil & Gas Equipment & Services,1957-03-04,2026-09-18
HIG,Hartford (The),Financials,Property & Casualty Insurance,1957-03-04,2026-09-18
HAS,Hasbro,Consumer Discretionary,Leisure Products,1984-09-30,2026-09-18
HCA,HCA Healthcare,Health Care,Health Care Facilities,2015-01-27,2026-09-18
DOC,Healthpeak Properties,Real Estate,Health Care REITs,2008-03-31,2026-09-18
HSIC,Henry Schein,Health Care,Health Care Distributors,2015-03-17,2026-09-18
HSY,Hershey Company (The),Consumer Staples,Packaged Foods & Meats,1957-03-04,2026-09-18
HPE,Hewlett Packard Enterprise,Information Technology,"Technology Hardware, Storage & Peripherals",2015-11-02,2026-09-18
HLT,Hilton Worldwide,Consumer Discretionary,"Hotels, Resorts & Cruise Lines",2017-06-19,2026-09-18
HD,Home Depot (The),Consumer Discretionary,Home Improvement Retail,1988-03-31,2026-09-18
HONA,Honeywell Aerospace,Industrials,Aerospace & Defense,2026-06-29,2026-09-18
HON,Honeywell Technologies,Industrials,Industrial Conglomerates,1957-03-04,2026-09-18
HRL,Hormel Foods,Consumer Staples,Packaged Foods & Meats,2009-03-04,2026-09-18
HST,Host Hotels & Resorts,Real Estate,Hotel & Resort REITs,2007-03-20,2026-09-18
HWM,Howmet Aerospace,Industrials,Aerospace & Defense,2016-10-21,2026-09-18
HPQ,HP Inc.,Information Technology,"Technology Hardware, Storage & Peripherals",1974-12-31,2026-09-18
HUBB,Hubbell Incorporated,Industrials,Industrial Machinery & Supplies & Components,2023-10-18,2026-09-18
HUM,Humana,Health Care,Managed Health Care,2012-12-10,2026-09-18
HBAN,Huntington Bancshares,Financials,Regional Banks,1997-08-28,2026-09-18
HII,Huntington Ingalls Industries,Industrials,Aerospace & Defense,2018-01-03,2026-09-18
IBM,IBM,Information Technology,IT Consulting & Other Services,1957-03-04,2026-09-18
IEX,IDEX Corporation,Industrials,Industrial Machinery & Supplies & Components,2019-08-09,2026-09-18
IDXX,Idexx Laboratories,Health Care,Health Care Equipment,2017-01-05,2026-09-18
ITW,Illinois Tool Works,Industrials,Industrial Machinery & Supplies & Components,1986-02-28,2026-09-18
INCY,Incyte,Health Care,Biotechnology,2017-02-28,2026-09-18
IR,Ingersoll Rand,Industrials,Industrial Machinery & Supplies & Components,2020-03-03,2026-09-18
PODD,Insulet Corporation,Health Care,Health Care Equipment,2023-03-15,2026-09-18
INTC,Intel,Information Technology,Semiconductors,1976-12-31,2026-09-18
IBKR,Interactive Brokers,Financials,Investment Banking & Brokerage,2025-08-28,2026-09-18
ICE,Intercontinental Exchange,Financials,Financial Exchanges & Data,2007-09-26,2026-09-18
IFF,International Flavors & Fragrances,Materials,Specialty Chemicals,1976-03-31,2026-09-18
IP,International Paper,Materials,Paper & Plastic Packaging Products & Materials,1957-03-04,2026-09-18
INTU,Intuit,Information Technology,Application Software,2000-12-05,2026-09-18
ISRG,Intuitive Surgical,Health Care,Health Care Equipment,2008-06-02,2026-09-18
IVZ,Invesco,Financials,Asset Management & Custody Banks,2008-08-21,2026-09-18
INVH,Invitation Homes,Real Estate,Single-Family Residential REITs,2022-09-19,2026-09-18
IQV,IQVIA,Health Care,Life Sciences Tools & Services,2017-08-29,2026-09-18
IRM,Iron Mountain,Real Estate,Other Specialized REITs,2009-01-06,2026-09-18
JBHT,J.B. Hunt,Industrials,Cargo Ground Transportation,2015-07-01,2026-09-18
JBL,Jabil,Information Technology,Electronic Manufacturing Services,2023-12-18,2026-09-18
JKHY,Jack Henry & Associates,Financials,Transaction & Payment Processing Services,2018-11-13,2026-09-18
J,Jacobs Solutions,Industrials,Construction & Engineering,2007-10-26,2026-09-18
JNJ,Johnson & Johnson,Health Care,Pharmaceuticals,1973-06-30,2026-09-18
JCI,Johnson Controls,Industrials,Building Products,2010-08-27,2026-09-18
JPM,JPMorgan Chase,Financials,Diversified Banks,1975-06-30,2026-09-18
KVUE,Kenvue,Consumer Staples,Personal Care Products,2023-08-25,2026-09-18
KDP,Keurig Dr Pepper,Consumer Staples,Soft Drinks & Non-alcoholic Beverages,2022-06-21,2026-09-18
KEY,KeyCorp,Financials,Regional Banks,1994-03-01,2026-09-18
KEYS,Keysight Technologies,Information Technology,Electronic Equipment & Instruments,2018-11-06,2026-09-18
KMB,Kimberly-Clark,Consumer Staples,Household Products,1957-03-04,2026-09-18
KIM,Kimco Realty,Real Estate,Retail REITs,2006-04-04,2026-09-18
KMI,Kinder Morgan,Energy,Oil & Gas Storage & Transportation,2012-05-25,2026-09-18
KKR,KKR & Co.,Financials,Asset Management & Custody Banks,2024-06-24,2026-09-18
KLAC,KLA Corporation,Information Technology,Semiconductor Materials & Equipment,1997-09-30,2026-09-18
KHC,Kraft Heinz,Consumer Staples,Packaged Foods & Meats,2015-07-06,2026-09-18
KR,Kroger,Consumer Staples,Food Retail,1957-03-04,2026-09-18
LHX,L3Harris,Industrials,Aerospace & Defense,2008-09-22,2026-09-18
LH,Labcorp,Health Care,Health Care Services,2004-11-01,2026-09-18
LRCX,Lam Research,Information Technology,Semiconductor Materials & Equipment,2012-06-29,2026-09-18
LVS,Las Vegas Sands,Consumer Discretionary,Casinos & Gaming,2019-10-03,2026-09-18
LDOS,Leidos,Industrials,Diversified Support Services,2019-08-09,2026-09-18
LEN,Lennar,Consumer Discretionary,Homebuilding,2005-10-04,2026-09-18
LII,Lennox International,Industrials,Building Products,2024-12-23,2026-09-18
LLY,Lilly (Eli),Health Care,Pharmaceuticals,1970-12-31,2026-09-18
LIN,Linde plc,Materials,Industrial Gases,1992-07-01,2026-09-18
LYV,Live Nation Entertainment,Communication Services,Movies & Entertainment,2019-12-23,2026-09-18
LMT,Lockheed Martin,Industrials,Aerospace & Defense,1957-03-04,2026-09-18
L,Loews Corporation,Financials,Multi-line Insurance,1995-05-31,2026-09-18
LOW,Lowe's,Consumer Discretionary,Home Improvement Retail,1984-02-29,2026-09-18
LULU,Lululemon Athletica,Consumer Discretionary,"Apparel, Accessories & Luxury Goods",2023-10-18,2026-09-18
LITE,Lumentum,Information Technology,Communications Equipment,2026-03-23,2026-09-18
LYB,LyondellBasell,Materials,Specialty Chemicals,2012-09-05,2026-09-18
MTB,M&T Bank,Financials,Regional Banks,2004-02-23,2026-09-18
MPC,Marathon Petroleum,Energy,Oil & Gas Refining & Marketing,2011-07-01,2026-09-18
MAR,Marriott International,Consumer Discretionary,"Hotels, Resorts & Cruise Lines",1998-05-29,2026-09-18
MRSH,Marsh McLennan,Financials,Insurance Brokers,1987-08-31,2026-09-18
MLM,Martin Marietta Materials,Materials,Construction Materials,2014-07-02,2026-09-18
MRVL,Marvell Technology,Information Technology,Semiconductors,2026-06-22,2026-09-18
MAS,Masco,Industrials,Building Products,1981-06-30,2026-09-18
MA,Mastercard,Financials,Transaction & Payment Processing Services,2008-07-18,2026-09-18
MKC,McCormick & Company,Consumer Staples,Packaged Foods & Meats,2003-03-20,2026-09-18
MCD,McDonald's,Consumer Discretionary,Restaurants,1970-06-30,2026-09-18
MCK,McKesson Corporation,Health Care,Health Care Distributors,1999-01-13,2026-09-18
MDT,Medtronic,Health Care,Health Care Equipment,1986-10-31,2026-09-18
MRK,Merck & Co.,Health Care,Pharmaceuticals,1957-03-04,2026-09-18
META,Meta Platforms,Communication Services,Interactive Media & Services,2013-12-23,2026-09-18
MET,MetLife,Financials,Life & Health Insurance,2000-12-11,2026-09-18
MTD,Mettler Toledo,Health Care,Life Sciences Tools & Services,2016-09-06,2026-09-18
MGM,MGM Resorts,Consumer Discretionary,Casinos & Gaming,2017-07-26,2026-09-18
MCHP,Microchip Technology,Information Technology,Semiconductors,2007-09-07,2026-09-18
MU,Micron Technology,Information Technology,Semiconductors,1994-09-27,2026-09-18
MSFT,Microsoft,Information Technology,Systems Software,1994-06-01,2026-09-18
MAA,Mid-America Apartment Communities,Real Estate,Multi-Family Residential REITs,2016-12-02,2026-09-18
MRNA,Moderna,Health Care,Biotechnology,2021-07-21,2026-09-18
TAP,Molson Coors Beverage Company,Consumer Staples,Brewers,1976-06-30,2026-09-18
MDLZ,Mondelez International,Consumer Staples,Packaged Foods & Meats,2012-10-02,2026-09-18
MPWR,Monolithic Power Systems,Information Technology,Semiconductors,2021-02-12,2026-09-18
MNST,Monster Beverage,Consumer Staples,Soft Drinks & Non-alcoholic Beverages,2012-06-28,2026-09-18
MCO,Moody's Corporation,Financials,Financial Exchanges & Data,1998-07-01,2026-09-18
MS,Morgan Stanley,Financials,Investment Banking & Brokerage,1993-07-29,2026-09-18
MOS,Mosaic Company (The),Materials,Fertilizers & Agricultural Chemicals,2011-09-26,2026-09-18
MSI,Motorola Solutions,Information Technology,Communications Equipment,1957-03-04,2026-09-18
MSCI,MSCI,Financials,Financial Exchanges & Data,2018-04-04,2026-09-18
NDAQ,"Nasdaq, Inc.",Financials,Financial Exchanges & Data,2008-10-22,2026-09-18
NTAP,NetApp,Information Technology,"Technology Hardware, Storage & Peripherals",1999-06-25,2026-09-18
NFLX,Netflix,Communication Services,Movies & Entertainment,2010-12-20,2026-09-18
NEM,Newmont,Materials,Gold,1969-06-30,2026-09-18
NWSA,News Corp (Class A),Communication Services,Publishing,2013-08-01,2026-09-18
NWS,News Corp (Class B),Communication Services,Publishing,2015-09-18,2026-09-18
NEE,NextEra Energy,Utilities,Multi-Utilities,1976-06-30,2026-09-18
NKE,"Nike, Inc.",Consumer Discretionary,"Apparel, Accessories & Luxury Goods",1988-11-30,2026-09-18
NI,NiSource,Utilities,Multi-Utilities,2000-11-02,2026-09-18
NDSN,Nordson Corporation,Industrials,Industrial Machinery & Supplies & Components,2022-02-15,2026-09-18
NSC,Norfolk Southern,Industrials,Rail Transportation,1957-03-04,2026-09-18
NTRS,Northern Trust,Financials,Asset Management & Custody Banks,1998-01-30,2026-09-18
NOC,Northrop Grumman,Industrials,Aerospace & Defense,1957-03-04,2026-09-18
NCLH,Norwegian Cruise Line Holdings,Consumer Discretionary,"Hotels, Resorts & Cruise Lines",2017-10-13,2026-09-18
NRG,NRG Energy,Utilities,Independent Power Producers & Energy Traders,2010-01-29,2026-09-18
NUE,Nucor,Materials,Steel,1985-04-30,2026-09-18
NVDA,Nvidia,Information Technology,Semiconductors,2001-11-30,2026-09-18
NVR,"NVR, Inc.",Consumer Discretionary,Homebuilding,2019-09-26,2026-09-18
NXPI,NXP Semiconductors,Information Technology,Semiconductors,2021-03-22,2026-09-18
ORLY,O'Reilly Automotive,Consumer Discretionary,Automotive Retail,2009-03-27,2026-09-18
OXY,Occidental Petroleum,Energy,Oil & Gas Exploration & Production,1957-03-04,2026-09-18
ODFL,Old Dominion,Industrials,Cargo Ground Transportation,2019-12-09,2026-09-18
OMC,Omnicom Group,Communication Services,Advertising,1997-12-31,2026-09-18
ON,ON Semiconductor,Information Technology,Semiconductors,2022-06-21,2026-09-18
OKE,Oneok,Energy,Oil & Gas Storage & Transportation,2010-03-15,2026-09-18
ORCL,Oracle Corporation,Information Technology,Application Software,1989-08-31,2026-09-18
OTIS,Otis Worldwide,Industrials,Industrial Machinery & Supplies & Components,2020-04-03,2026-09-18
PCAR,Paccar,Industrials,Construction Machinery & Heavy Transportation Equipment,1980-12-31,2026-09-18
PKG,Packaging Corporation of America,Materials,Paper & Plastic Packaging Products & Materials,2017-07-26,2026-09-18
PLTR,Palantir Technologies,Information Technology,Application Software,2024-09-23,2026-09-18
PANW,Palo Alto Networks,Information Technology,Systems Software,2023-06-20,2026-09-18
PSKY,Paramount Skydance Corporation,Communication Services,Movies & Entertainment,1994-09-30,2026-09-18
PH,Parker Hannifin,Industrials,Industrial Machinery & Supplies & Components,1985-11-30,2026-09-18
PAYX,Paychex,Industrials,Human Resource & Employment Services,1998-10-01,2026-09-18
PYPL,PayPal,Financials,Transaction & Payment Processing Services,2015-07-20,2026-09-18
PNR,Pentair,Industrials,Industrial Machinery & Supplies & Components,2012-10-01,2026-09-18
PEP,PepsiCo,Consumer Staples,Soft Drinks & Non-alcoholic Beverages,1957-03-04,2026-09-18
PFE,Pfizer,Health Care,Pharmaceuticals,1957-03-04,2026-09-18
PCG,PG&E Corporation,Utilities,Multi-Utilities,2022-10-03,2026-09-18
PM,Philip Morris International,Consumer Staples,Tobacco,2008-03-31,2026-09-18
PSX,Phillips 66,Energy,Oil & Gas Refining & Marketing,2012-05-01,2026-09-18
PNW,Pinnacle West Capital,Utilities,Multi-Utilities,1999-10-04,2026-09-18
PNC,PNC Financial Services,Financials,Diversified Banks,1988-04-30,2026-09-18
PPG,PPG Industries,Materials,Specialty Chemicals,1957-03-04,2026-09-18
PPL,PPL Corporation,Utilities,Electric Utilities,2001-10-01,2026-09-18
PFG,Principal Financial Group,Financials,Life & Health Insurance,2002-07-22,2026-09-18
PG,Procter & Gamble,Consumer Staples,Personal Care Products,1957-03-04,2026-09-18
PGR,Progressive Corporation,Financials,Property & Casualty Insurance,1997-08-04,2026-09-18
PLD,Prologis,Real Estate,Industrial REITs,2003-07-17,2026-09-18
PRU,Prudential Financial,Financials,Life & Health Insurance,2002-07-22,2026-09-18
PEG,Public Service Enterprise Group,Utilities,Electric Utilities,1957-03-04,2026-09-18
PTC,PTC Inc.,Information Technology,Application Software,2021-04-20,2026-09-18
PSA,Public Storage,Real Estate,Self-Storage REITs,2005-08-19,2026-09-18
PHM,PulteGroup,Consumer Discretionary,Homebuilding,1984-04-30,2026-09-18
PWR,Quanta Services,Industrials,Construction & Engineering,2009-07-01,2026-09-18
QCOM,Qualcomm,Information Technology,Semiconductors,1999-07-22,2026-09-18
DGX,Quest Diagnostics,Health Care,Health Care Services,2002-12-12,2026-09-18
Q,Qnity Electronics,Information Technology,Semiconductor Materials & Equipment,2025-11-03,2026-09-18
RL,Ralph Lauren Corporation,Consumer Discretionary,"Apparel, Accessories & Luxury Goods",2007-02-02,2026-09-18
RJF,Raymond James Financial,Financials,Investment Banking & Brokerage,2017-03-20,2026-09-18
RDDT,Reddit,Communication Services,Interactive Media & Services,2026-08-18,2026-09-18
RTX,RTX Corporation,Industrials,Aerospace & Defense,1957-03-04,2026-09-18
O,Realty Income,Real Estate,Retail REITs,2015-04-07,2026-09-18
REG,Regency Centers,Real Estate,Retail REITs,2017-03-02,2026-09-18
REGN,Regeneron Pharmaceuticals,Health Care,Biotechnology,2013-05-01,2026-09-18
RF,Regions Financial Corporation,Financials,Regional Banks,1998-08-28,2026-09-18
RSG,Republic Services,Industrials,Environmental & Facilities Services,2008-12-05,2026-09-18
RMD,ResMed|,Health Care,Health Care Equipment,2017-07-26,2026-09-18
RVTY,Revvity,Health Care,Health Care Equipment,1985-05-31,2026-09-18
HOOD,Robinhood Markets,Financials,Investment Banking & Brokerage,2025-09-22,2026-09-18
ROK,Rockwell Automation,Industrials,Electrical Components & Equipment,2000-03-12,2026-09-18
ROL,"Rollins, Inc.",Industrials,Environmental & Facilities Services,2018-10-01,2026-09-18
ROP,Roper Technologies,Information Technology,Electronic Equipment & Instruments,2009-12-23,2026-09-18
ROST,Ross Stores,Consumer Discretionary,Apparel Retail,2009-12-21,2026-09-18
RCL,Royal Caribbean Group,Consumer Discretionary,"Hotels, Resorts & Cruise Lines",2014-12-05,2026-09-18
SPGI,S&P Global,Financials,Financial Exchanges & Data,1957-03-04,2026-09-18
CRM,Salesforce,Information Technology,Application Software,2008-09-15,2026-09-18
SNDK,Sandisk,Information Technology,"Technology Hardware, Storage & Peripherals",2025-11-28,2026-09-18
SBAC,SBA Communications,Real Estate,Telecom Tower REITs,2017-09-01,2026-09-18
SLB,Schlumberger,Energy,Oil & Gas Equipment & Services,1957-03-04,2026-09-18
STX,Seagate Technology,Information Technology,"Technology Hardware, Storage & Peripherals",2012-07-02,2026-09-18
SRE,Sempra,Utilities,Multi-Utilities,2017-03-17,2026-09-18
NOW,ServiceNow,Information Technology,Systems Software,2019-11-21,2026-09-18
SHW,Sherwin-Williams,Materials,Specialty Chemicals,1964-06-30,2026-09-18
SPG,Simon Property Group,Real Estate,Retail REITs,2002-06-26,2026-09-18
SWKS,Skyworks Solutions,Information Technology,Semiconductors,2015-03-12,2026-09-18
SJM,J.M. Smucker Company (The),Consumer Staples,Packaged Foods & Meats,2008-11-06,2026-09-18
SW,Smurfit Westrock,Materials,Paper & Plastic Packaging Products & Materials,2024-07-08,2026-09-18
SNA,Snap-on,Industrials,Industrial Machinery & Supplies & Components,1982-09-30,2026-09-18
SOLV,Solventum,Health Care,Health Care Technology,2024-04-01,2026-09-18
SO,Southern Company,Utilities,Electric Utilities,1957-03-04,2026-09-18
LUV,Southwest Airlines,Industrials,Passenger Airlines,1994-07-01,2026-09-18
SWK,Stanley Black & Decker,Industrials,Industrial Machinery & Supplies & Components,1982-09-30,2026-09-18
SBUX,Starbucks,Consumer Discretionary,Restaurants,2000-06-07,2026-09-18
STT,State Street Corporation,Financials,Asset Management & Custody Banks,2003-03-14,2026-09-18
STLD,Steel Dynamics,Materials,Steel,2022-12-22,2026-09-18
STE,Steris,Health Care,Health Care Equipment,2019-12-23,2026-09-18
SYK,Stryker Corporation,Health Care,Health Care Equipment,2000-12-12,2026-09-18
SMCI,Supermicro,Information Technology,"Technology Hardware, Storage & Peripherals",2024-03-18,2026-09-18
SYF,Synchrony Financial,Financials,Consumer Finance,2015-11-18,2026-09-18
SNPS,Synopsys,Information Technology,Application Software,2017-03-16,2026-09-18
SYY,Sysco,Consumer Staples,Food Distributors,1986-12-31,2026-09-18
TMUS,T-Mobile US,Communication Services,Wireless Telecommunication Services,2019-07-15,2026-09-18
TROW,T. Rowe Price,Financials,Asset Management & Custody Banks,2019-07-29,2026-09-18
TTWO,Take-Two Interactive,Communication Services,Interactive Home Entertainment,2018-03-19,2026-09-18
TPR,"Tapestry, Inc.",Consumer Discretionary,"Apparel, Accessories & Luxury Goods",2004-09-01,2026-09-18
TRGP,Targa Resources,Energy,Oil & Gas Storage & Transportation,2022-10-12,2026-09-18
TGT,Target Corporation,Consumer Staples,Consumer Staples Merchandise Retail,1976-12-31,2026-09-18
TEL,TE Connectivity,Information Technology,Electronic Manufacturing Services,2011-10-17,2026-09-18
TDY,Teledyne Technologies,Information Technology,Electronic Equipment & Instruments,2020-06-22,2026-09-18
TER,Teradyne,Information Technology,Semiconductor Materials & Equipment,2020-09-21,2026-09-18
TSLA,"Tesla, Inc.",Consumer Discretionary,Automobile Manufacturers,2020-12-21,2026-09-18
TXN,Texas Instruments,Information Technology,Semiconductors,2001-03-12,2026-09-18
TPL,Texas Pacific Land Corporation,Energy,Oil & Gas Exploration & Production,2024-11-26,2026-09-18
TXT,Textron,Industrials,Aerospace & Defense,1978-12-31,2026-09-18
TMO,Thermo Fisher Scientific,Health Care,Life Sciences Tools & Services,2004-08-03,2026-09-18
TJX,TJX Companies,Consumer Discretionary,Apparel Retail,1985-09-30,2026-09-18
TKO,TKO Group Holdings,Communication Services,Movies & Entertainment,2025-03-24,2026-09-18
TTD,Trade Desk (The),Communication Services,Advertising,2025-07-18,2026-09-18
TSCO,Tractor Supply,Consumer Discretionary,Other Specialty Retail,2014-01-24,2026-09-18
TT,Trane Technologies,Industrials,Building Products,2010-11-17,2026-09-18
TDG,TransDigm Group,Industrials,Aerospace & Defense,2016-06-03,2026-09-18
TRV,Travelers Companies (The),Financials,Property & Casualty Insurance,2002-08-21,2026-09-18
TRMB,Trimble Inc.,Information Technology,Application Software,2021-01-21,2026-09-18
TFC,Truist Financial,Financials,Diversified Banks,1997-12-04,2026-09-18
TYL,Tyler Technologies,Information Technology,Application Software,2020-06-22,2026-09-18
TSN,Tyson Foods,Consumer Staples,Packaged Foods & Meats,2005-08-10,2026-09-18
USB,U.S. Bancorp,Financials,Diversified Banks,1999-11-01,2026-09-18
UBER,Uber,Industrials,Passenger Ground Transportation,2023-12-18,2026-09-18
UDR,"UDR, Inc.",Real Estate,Multi-Family Residential REITs,2016-03-07,2026-09-18
ULTA,Ulta Beauty,Consumer Discretionary,Other Specialty Retail,2016-04-18,2026-09-18
UNP,Union Pacific Corporation,Industrials,Rail Transportation,1957-03-04,2026-09-18
UAL,United Airlines Holdings,Industrials,Passenger Airlines,2015-09-03,2026-09-18
UPS,United Parcel Service,Industrials,Air Freight & Logistics,2002-07-22,2026-09-18
URI,United Rentals,Industrials,Trading Companies & Distributors,2014-09-20,2026-09-18
UNH,UnitedHealth Group,Health Care,Managed Health Care,1994-07-01,2026-09-18
UHS,Universal Health Services,Health Care,Health Care Facilities,2014-09-20,2026-09-18
VLO,Valero Energy,Energy,Oil & Gas Refining & Marketing,2002-12-20,2026-09-18
VEEV,Veeva Systems,Health Care,Health Care Technology,2026-05-07,2026-09-18
VTR,Ventas,Real Estate,Health Care REITs,2009-03-04,2026-09-18
VLTO,Veralto,Industrials,Environmental & Facilities Services,2023-10-02,2026-09-18
VRSN,Verisign,Information Technology,Internet Services & Infrastructure,2006-02-01,2026-09-18
VRSK,Verisk Analytics,Industrials,Research & Consulting Services,2015-10-08,2026-09-18
VZ,Verizon,Communication Services,Integrated Telecommunication Services,1983-11-30,2026-09-18
VRTX,Vertex Pharmaceuticals,Health Care,Biotechnology,2013-09-23,2026-09-18
VRT,Vertiv,Industrials,Electrical Components & Equipment,2026-03-23,2026-09-18
VTRS,Viatris,Health Care,Pharmaceuticals,2004-04-23,2026-09-18
VICI,Vici Properties,Real Estate,Hotel & Resort REITs,2022-06-08,2026-09-18
V,Visa Inc.,Financials,Transaction & Payment Processing Services,2009-12-21,2026-09-18
VST,Vistra Corp.,Utilities,Electric Utilities,2024-05-08,2026-09-18
VMRK,Vivmark Residential,Real Estate,Multi-Family Residential REITs,2001-12-03,2026-09-18
VMC,Vulcan Materials Company,Materials,Construction Materials,1999-06-30,2026-09-18
WRB,W. R. Berkley Corporation,Financials,Property & Casualty Insurance,2019-12-05,2026-09-18
GWW,W. W. Grainger,Industrials,Industrial Machinery & Supplies & Components,1981-06-30,2026-09-18
WAB,Wabtec,Industrials,Construction Machinery & Heavy Transportation Equipment,2019-02-27,2026-09-18
WMT,Walmart,Consumer Staples,Consumer Staples Merchandise Retail,1982-08-31,2026-09-18
DIS,Walt Disney Company (The),Communication Services,Movies & Entertainment,1976-06-30,2026-09-18
WBD,Warner Bros. Discovery,Communication Services,Broadcasting,2022-04-11,2026-09-18
WM,Waste Management,Industrials,Environmental & Facilities Services,1998-08-31,2026-09-18
WAT,Waters Corporation,Health Care,Life Sciences Tools & Services,2002-01-02,2026-09-18
WEC,WEC Energy Group,Utilities,Electric Utilities,2008-10-31,2026-09-18
WFC,Wells Fargo,Financials,Diversified Banks,1976-06-30,2026-09-18
WELL,Welltower,Real Estate,Health Care REITs,2009-01-30,2026-09-18
WST,West Pharmaceutical Services,Health Care,Health Care Supplies,2020-05-22,2026-09-18
WDC,Western Digital,Information Technology,"Technology Hardware, Storage & Peripherals",2009-07-01,2026-09-18
WY,Weyerhaeuser,Real Estate,Timber REITs,1979-10-01,2026-09-18
WSM,"Williams-Sonoma, Inc.",Consumer Discretionary,Homefurnishing Retail,2025-03-24,2026-09-18
WMB,Williams Companies,Energy,Oil & Gas Storage & Transportation,1975-03-31,2026-09-18
WTW,Willis Towers Watson,Financials,Insurance Brokers,2016-01-05,2026-09-18
WDAY,"Workday, Inc.",Information Technology,Application Software,2024-12-23,2026-09-18
WYNN,Wynn Resorts,Consumer Discretionary,Casinos & Gaming,2008-11-14,2026-09-18
XEL,Xcel Energy,Utilities,Multi-Utilities,1957-03-04,2026-09-18
XYL,Xylem Inc.,Industrials,Industrial Machinery & Supplies & Components,2011-11-01,2026-09-18
YUM,Yum! Brands,Consumer Discretionary,Restaurants,1997-10-06,2026-09-18
ZBRA,Zebra Technologies,Information Technology,Electronic Equipment & Instruments,2019-12-23,2026-09-18
ZBH,Zimmer Biomet,Health Care,Health Care Equipment,2001-08-07,2026-09-18
ZTS,Zoetis,Health Care,Pharmaceuticals,2013-06-21,2026-09-18
